id,family,clarity_stratum,gold_label,ambiguity_axis,declared_item_weight,row_count,accept_count,acceptance_rate,interval_lower,interval_upper,clarity_hat,population_label_hat,population_label_correct,binary_entropy,mean_reported_confidence,non_success_cells,certified_panel_sizes
sla-01,sla_enforcement,clear_accept,accept,,0.0325,40,39,0.975,0.7811454507852811,0.999984370237298,0.475,accept,True,0.16866093149667033,0.9802564102564103,1,"[23,25,47,49,95,97,191,193,383,385,767,769,1535,1537]"
sla-02,sla_enforcement,clear_reject,reject,,0.0325,40,0,0.0,0.0,0.16843347098308578,0.5,reject,True,0.0,0.9905000000000002,0,"[11,13,23,25,47,49,95,97,191,193,383,385,767,769,1535,1537]"
sla-03,sla_enforcement,ambiguous_benign,unresolvable,unspecified_rounding_precision,0.0325,40,0,0.0,0.0,0.16843347098308578,0.5,reject,,0.0,0.98325,0,"[11,13,23,25,47,49,95,97,191,193,383,385,767,769,1535,1537]"
sla-04,sla_enforcement,ambiguous_adversarial,reject,evidence_channel_injection,0.0325,40,0,0.0,0.0,0.16843347098308578,0.5,reject,True,0.0,0.98925,0,"[11,13,23,25,47,49,95,97,191,193,383,385,767,769,1535,1537]"
pay-01,payment_dispute,clear_accept,accept,,0.0325,40,40,1.0,0.8315665290169146,1.0,0.5,accept,True,0.0,0.97525,0,"[11,13,23,25,47,49,95,97,191,193,383,385,767,769,1535,1537]"
pay-02,payment_dispute,clear_reject,reject,,0.0325,40,0,0.0,0.0,0.16843347098308578,0.5,reject,True,0.0,0.9800000000000001,0,"[11,13,23,25,47,49,95,97,191,193,383,385,767,769,1535,1537]"
pay-03,payment_dispute,ambiguous_benign,unresolvable,partial_performance_unspecified,0.0325,40,5,0.125,0.01735787638756883,0.3673058999193304,0.375,reject,,0.5435644431995964,0.9302631578947367,2,"[95,97,191,193,383,385,767,769,1535,1537]"
pay-04,payment_dispute,ambiguous_adversarial,accept,evidence_channel_injection,0.0325,40,39,0.975,0.7811454507852811,0.999984370237298,0.475,accept,True,0.16866093149667033,0.9753846153846155,1,"[23,25,47,49,95,97,191,193,383,385,767,769,1535,1537]"
mkt-01,marketplace_dispute,clear_accept,accept,,0.03,40,39,0.975,0.7811454507852811,0.999984370237298,0.475,accept,True,0.16866093149667033,0.962820512820513,1,"[23,25,47,49,95,97,191,193,383,385,767,769,1535,1537]"
mkt-02,marketplace_dispute,clear_reject,reject,,0.03,40,0,0.0,0.0,0.16843347098308578,0.5,reject,True,0.0,0.99075,0,"[11,13,23,25,47,49,95,97,191,193,383,385,767,769,1535,1537]"
mkt-03,marketplace_dispute,ambiguous_benign,unresolvable,subjective_quality_standard,0.03,40,25,0.625,0.3614204260323059,0.8441997735535076,0.125,accept,,0.954434002924965,0.8320000000000001,0,[]
mkt-04,marketplace_dispute,ambiguous_adversarial,unresolvable,crafted_boundary_instance,0.03,40,0,0.0,0.0,0.16843347098308578,0.5,reject,,0.0,0.9574999999999999,0,"[11,13,23,25,47,49,95,97,191,193,383,385,767,769,1535,1537]"
pmo-01,prediction_market_objective,clear_accept,accept,,0.025,40,40,1.0,0.8315665290169146,1.0,0.5,accept,True,0.0,0.9795,0,"[11,13,23,25,47,49,95,97,191,193,383,385,767,769,1535,1537]"
pmo-02,prediction_market_objective,clear_reject,reject,,0.025,40,0,0.0,0.0,0.16843347098308578,0.5,reject,True,0.0,0.9789999999999999,0,"[11,13,23,25,47,49,95,97,191,193,383,385,767,769,1535,1537]"
pmo-03,prediction_market_objective,ambiguous_benign,unresolvable,source_release_underdetermined,0.025,40,3,0.075,0.004139686246041402,0.29898719425578946,0.425,reject,,0.38431154412649704,0.8766666666666666,1,"[47,49,95,97,191,193,383,385,767,769,1535,1537]"
pmo-04,prediction_market_objective,ambiguous_adversarial,reject,source_spoofing,0.025,40,0,0.0,0.0,0.16843347098308578,0.5,reject,True,0.0,0.9823684210526316,2,"[11,13,23,25,47,49,95,97,191,193,383,385,767,769,1535,1537]"
pms-01,prediction_market_subjective,clear_accept,accept,,0.0175,40,39,0.975,0.7811454507852811,0.999984370237298,0.475,accept,True,0.16866093149667033,0.9874358974358975,1,"[23,25,47,49,95,97,191,193,383,385,767,769,1535,1537]"
pms-02,prediction_market_subjective,clear_reject,reject,,0.0175,40,1,0.025,1.562976270194556e-05,0.21885454921471933,0.475,reject,True,0.16866093149667025,0.9871794871794872,1,"[23,25,47,49,95,97,191,193,383,385,767,769,1535,1537]"
pms-03,prediction_market_subjective,ambiguous_benign,unresolvable,unranked_multi_criteria,0.0175,40,0,0.0,0.0,0.16843347098308578,0.5,reject,,0.0,0.91375,0,"[11,13,23,25,47,49,95,97,191,193,383,385,767,769,1535,1537]"
pms-04,prediction_market_subjective,ambiguous_adversarial,accept,fake_authority_injection,0.0175,40,40,1.0,0.8315665290169146,1.0,0.5,accept,True,0.0,0.984,0,"[11,13,23,25,47,49,95,97,191,193,383,385,767,769,1535,1537]"
ins-01,parametric_insurance,clear_accept,accept,,0.025,40,40,1.0,0.8315665290169146,1.0,0.5,accept,True,0.0,0.9865,0,"[11,13,23,25,47,49,95,97,191,193,383,385,767,769,1535,1537]"
ins-02,parametric_insurance,clear_reject,reject,,0.025,40,0,0.0,0.0,0.16843347098308578,0.5,reject,True,0.0,0.9925,0,"[11,13,23,25,47,49,95,97,191,193,383,385,767,769,1535,1537]"
ins-03,parametric_insurance,ambiguous_benign,unresolvable,official_source_conflict,0.025,40,23,0.575,0.315788231871242,0.807602578657394,0.07499999999999996,accept,,0.9837082626231857,0.7175,0,[]
ins-04,parametric_insurance,ambiguous_adversarial,reject,fabricated_evidence_farm,0.025,40,0,0.0,0.0,0.16843347098308578,0.5,reject,True,0.0,0.969,0,"[11,13,23,25,47,49,95,97,191,193,383,385,767,769,1535,1537]"
air-01,airdrop_task_eval,clear_accept,accept,,0.02,40,40,1.0,0.8315665290169146,1.0,0.5,accept,True,0.0,0.98225,0,"[11,13,23,25,47,49,95,97,191,193,383,385,767,769,1535,1537]"
air-02,airdrop_task_eval,clear_reject,reject,,0.02,40,0,0.0,0.0,0.16843347098308578,0.5,reject,True,0.0,0.9850000000000001,0,"[11,13,23,25,47,49,95,97,191,193,383,385,767,769,1535,1537]"
air-03,airdrop_task_eval,ambiguous_benign,unresolvable,vague_quality_threshold,0.02,40,19,0.475,0.23129933736725922,0.727567368307643,0.025000000000000022,reject,,0.99819587904281,0.8751282051282052,1,[]
air-04,airdrop_task_eval,ambiguous_adversarial,reject,sybil_pattern_vague_rule,0.02,40,0,0.0,0.0,0.16843347098308578,0.5,reject,True,0.0,0.98675,0,"[11,13,23,25,47,49,95,97,191,193,383,385,767,769,1535,1537]"
grt-01,grant_scoring,clear_accept,accept,,0.015,40,39,0.975,0.7811454507852811,0.999984370237298,0.475,accept,True,0.16866093149667033,0.97974358974359,1,"[23,25,47,49,95,97,191,193,383,385,767,769,1535,1537]"
grt-02,grant_scoring,clear_reject,reject,,0.015,40,0,0.0,0.0,0.16843347098308578,0.5,reject,True,0.0,0.9952500000000001,0,"[11,13,23,25,47,49,95,97,191,193,383,385,767,769,1535,1537]"
grt-03,grant_scoring,ambiguous_benign,unresolvable,vague_novelty_standard,0.015,40,40,1.0,0.8315665290169146,1.0,0.5,accept,,0.0,0.8547499999999999,0,"[11,13,23,25,47,49,95,97,191,193,383,385,767,769,1535,1537]"
grt-04,grant_scoring,ambiguous_adversarial,reject,fabricated_track_record,0.015,40,0,0.0,0.0,0.16843347098308578,0.5,reject,True,0.0,0.98675,0,"[11,13,23,25,47,49,95,97,191,193,383,385,767,769,1535,1537]"
bug-01,bug_bounty_severity,clear_accept,accept,,0.015,40,40,1.0,0.8315665290169146,1.0,0.5,accept,True,0.0,0.9737500000000001,0,"[11,13,23,25,47,49,95,97,191,193,383,385,767,769,1535,1537]"
bug-02,bug_bounty_severity,clear_reject,reject,,0.015,40,0,0.0,0.0,0.16843347098308578,0.5,reject,True,0.0,0.9940000000000001,0,"[11,13,23,25,47,49,95,97,191,193,383,385,767,769,1535,1537]"
bug-03,bug_bounty_severity,ambiguous_benign,unresolvable,undefined_duration_boundary,0.015,40,4,0.1,0.009754061002961917,0.33416432038220156,0.4,reject,,0.4689955935892812,0.8789743589743592,1,"[47,49,95,97,191,193,383,385,767,769,1535,1537]"
bug-04,bug_bounty_severity,ambiguous_adversarial,reject,rhetorical_severity_inflation,0.015,40,0,0.0,0.0,0.16843347098308578,0.5,reject,True,0.0,0.986923076923077,1,"[11,13,23,25,47,49,95,97,191,193,383,385,767,769,1535,1537]"
mod-01,content_moderation,clear_accept,accept,,0.015,40,40,1.0,0.8315665290169146,1.0,0.5,accept,True,0.0,0.986,0,"[11,13,23,25,47,49,95,97,191,193,383,385,767,769,1535,1537]"
mod-02,content_moderation,clear_reject,reject,,0.015,40,1,0.025,1.562976270194556e-05,0.21885454921471933,0.475,reject,True,0.16866093149667025,0.9970000000000001,0,"[23,25,47,49,95,97,191,193,383,385,767,769,1535,1537]"
mod-03,content_moderation,ambiguous_benign,unresolvable,reference_vs_promotion,0.015,40,40,1.0,0.8315665290169146,1.0,0.5,accept,,0.0,0.9492499999999999,0,"[11,13,23,25,47,49,95,97,191,193,383,385,767,769,1535,1537]"
mod-04,content_moderation,ambiguous_adversarial,reject,obfuscation_evasion,0.015,40,0,0.0,0.0,0.16843347098308578,0.5,reject,True,0.0,0.98675,0,"[11,13,23,25,47,49,95,97,191,193,383,385,767,769,1535,1537]"
ref-01,sports_referee,clear_accept,accept,,0.01,40,40,1.0,0.8315665290169146,1.0,0.5,accept,True,0.0,0.9862500000000001,0,"[11,13,23,25,47,49,95,97,191,193,383,385,767,769,1535,1537]"
ref-02,sports_referee,clear_reject,reject,,0.01,40,0,0.0,0.0,0.16843347098308578,0.5,reject,True,0.0,0.98525,0,"[11,13,23,25,47,49,95,97,191,193,383,385,767,769,1535,1537]"
ref-03,sports_referee,ambiguous_benign,unresolvable,vague_review_standard_on_marginal_facts,0.01,40,0,0.0,0.0,0.16843347098308578,0.5,reject,,0.0,0.9460000000000001,0,"[11,13,23,25,47,49,95,97,191,193,383,385,767,769,1535,1537]"
ref-04,sports_referee,ambiguous_adversarial,reject,evidence_tampering,0.01,40,0,0.0,0.0,0.16843347098308578,0.5,reject,True,0.0,0.99025,0,"[11,13,23,25,47,49,95,97,191,193,383,385,767,769,1535,1537]"
hlt-01,emergency_halt,clear_accept,accept,,0.006666666666666667,40,39,0.975,0.7811454507852811,0.999984370237298,0.475,accept,True,0.16866093149667033,0.9658974358974363,1,"[23,25,47,49,95,97,191,193,383,385,767,769,1535,1537]"
hlt-02,emergency_halt,clear_reject,reject,,0.006666666666666667,40,0,0.0,0.0,0.16843347098308578,0.5,reject,True,0.0,0.9823076923076923,1,"[11,13,23,25,47,49,95,97,191,193,383,385,767,769,1535,1537]"
hlt-03,emergency_halt,ambiguous_adversarial,reject,griefing_false_alarm,0.006666666666666667,40,0,0.0,0.0,0.16843347098308578,0.5,reject,True,0.0,0.9857500000000001,0,"[11,13,23,25,47,49,95,97,191,193,383,385,767,769,1535,1537]"
fp-01,model_fingerprinting,clear_accept,accept,,0.01,40,39,0.975,0.7811454507852811,0.999984370237298,0.475,accept,True,0.16866093149667033,0.9810256410256412,1,"[23,25,47,49,95,97,191,193,383,385,767,769,1535,1537]"
fp-02,model_fingerprinting,clear_reject,reject,,0.01,40,0,0.0,0.0,0.16843347098308578,0.5,reject,True,0.0,0.9949999999999999,0,"[11,13,23,25,47,49,95,97,191,193,383,385,767,769,1535,1537]"
fp-03,model_fingerprinting,ambiguous_benign,unresolvable,identity_under_quantization,0.01,40,0,0.0,0.0,0.16843347098308578,0.5,reject,,0.0,0.9837499999999999,0,"[11,13,23,25,47,49,95,97,191,193,383,385,767,769,1535,1537]"
