panel_size,adversarial_fraction,attack_model,uniform_safe_workload_fraction,declared_weight_safe_workload_fraction,uniform_mean_attack_probability,declared_weight_mean_attack_probability,delta,estimation_status
5,0.0,fixed_byzantine_share,0.92,0.8925000000000001,0.022392107812499996,0.02712767716471354,0.01,plug_in_pilot_not_certified
5,0.0,targeted_census_contamination,0.92,0.8925000000000001,0.022392107812499996,0.02712767716471354,0.01,plug_in_pilot_not_certified
5,0.05,fixed_byzantine_share,0.88,0.8525,0.027857324183496592,0.033580623560413206,0.01,plug_in_pilot_not_certified
5,0.05,targeted_census_contamination,0.88,0.8525,0.03038008437500001,0.036673864176432314,0.01,plug_in_pilot_not_certified
5,0.1,fixed_byzantine_share,0.7,0.6758333333333334,0.039866193302359375,0.04656198957429443,0.01,plug_in_pilot_not_certified
5,0.1,targeted_census_contamination,0.7,0.6758333333333334,0.045199060937499994,0.05310418790690103,0.01,plug_in_pilot_not_certified
5,0.15,fixed_byzantine_share,0.0,0.0,0.0621097024383999,0.06964143119895298,0.01,plug_in_pilot_not_certified
5,0.15,targeted_census_contamination,0.0,0.0,0.07040366250000002,0.07980839054361982,0.01,plug_in_pilot_not_certified
5,0.2,fixed_byzantine_share,0.0,0.0,0.09668629068799998,0.10483382085333329,0.01,plug_in_pilot_not_certified
5,0.2,targeted_census_contamination,0.0,0.0,0.10791051406249999,0.11857074552408856,0.01,plug_in_pilot_not_certified
5,0.25,fixed_byzantine_share,0.0,0.0,0.14430393746490477,0.15279706293034556,0.01,plug_in_pilot_not_certified
5,0.25,targeted_census_contamination,0.0,0.0,0.158223240625,0.16979505753580731,0.01,plug_in_pilot_not_certified
5,0.3,fixed_byzantine_share,0.0,0.0,0.2044822509905157,0.21302990934448163,0.01,plug_in_pilot_not_certified
5,0.3,targeted_census_contamination,0.0,0.0,0.22065746718750007,0.23272966251627603,0.01,plug_in_pilot_not_certified
5,0.35,fixed_byzantine_share,0.0,0.0,0.27575455678418304,0.2840697750794321,0.01,plug_in_pilot_not_certified
5,0.35,targeted_census_contamination,0.0,0.0,0.29356581874999993,0.30569242765299476,0.01,plug_in_pilot_not_certified
5,0.4,fixed_byzantine_share,0.0,0.0,0.3558699861535001,0.3636905537357032,0.01,plug_in_pilot_not_certified
5,0.4,targeted_census_contamination,0.0,0.0,0.37456292031250016,0.3862957513834636,0.01,plug_in_pilot_not_certified
7,0.0,fixed_byzantine_share,0.94,0.925,0.020761047919921873,0.02495805993906657,0.01,plug_in_pilot_not_certified
7,0.0,targeted_census_contamination,0.94,0.925,0.020761047919921873,0.02495805993906657,0.01,plug_in_pilot_not_certified
7,0.05,fixed_byzantine_share,0.9,0.8775000000000001,0.02507327066488939,0.030288627520562498,0.01,plug_in_pilot_not_certified
7,0.05,targeted_census_contamination,0.9,0.8775000000000001,0.027878568652343755,0.03372640586863201,0.01,plug_in_pilot_not_certified
7,0.1,fixed_byzantine_share,0.88,0.8525,0.03243301288752581,0.038773483663885285,0.01,plug_in_pilot_not_certified
7,0.1,targeted_census_contamination,0.88,0.8525,0.038322105478515625,0.04602266523813883,0.01,plug_in_pilot_not_certified
7,0.15,fixed_byzantine_share,0.0,0.0,0.04693764222614612,0.05439992843384753,0.01,plug_in_pilot_not_certified
7,0.15,targeted_census_contamination,0.0,0.0,0.05600754316406253,0.06558828694895427,0.01,plug_in_pilot_not_certified
7,0.2,fixed_byzantine_share,0.0,0.0,0.072951797697536,0.08139515342101333,0.01,plug_in_pilot_not_certified
7,0.2,targeted_census_contamination,0.0,0.0,0.08508557272460937,0.09636178220713298,0.01,plug_in_pilot_not_certified
7,0.25,fixed_byzantine_share,0.0,0.0,0.11389109242370068,0.12304620998660185,0.01,plug_in_pilot_not_certified
7,0.25,targeted_census_contamination,0.0,0.0,0.12873931017578125,0.14132266632029214,0.01,plug_in_pilot_not_certified
7,0.3,fixed_byzantine_share,0.0,0.0,0.17148529773771537,0.18098713712692782,0.01,plug_in_pilot_not_certified
7,0.3,targeted_census_contamination,0.0,0.0,0.1884764652832031,0.2018185645569865,0.01,plug_in_pilot_not_certified
7,0.35,fixed_byzantine_share,0.0,0.0,0.24545161769254975,0.25488551707816465,0.01,plug_in_pilot_not_certified
7,0.35,targeted_census_contamination,0.0,0.0,0.26383731031249996,0.2772967320685831,0.01,plug_in_pilot_not_certified
7,0.4,fixed_byzantine_share,0.0,0.0,0.3335086629967386,0.3424607267822167,0.01,plug_in_pilot_not_certified
7,0.4,targeted_census_contamination,0.0,0.0,0.3524396987792969,0.3653612378736369,0.01,plug_in_pilot_not_certified
11,0.0,fixed_byzantine_share,0.94,0.925,0.01865376985039332,0.022130449245265006,0.01,plug_in_pilot_not_certified
11,0.0,targeted_census_contamination,0.94,0.925,0.01865376985039332,0.022130449245265006,0.01,plug_in_pilot_not_certified
11,0.05,fixed_byzantine_share,0.94,0.925,0.022981947173704453,0.027523787998053512,0.01,plug_in_pilot_not_certified
11,0.05,targeted_census_contamination,0.94,0.925,0.026294114809508627,0.031566468010722604,0.01,plug_in_pilot_not_certified
11,0.1,fixed_byzantine_share,0.92,0.8925000000000001,0.028196860393596496,0.03397695818041833,0.01,plug_in_pilot_not_certified
11,0.1,targeted_census_contamination,0.9,0.8775000000000001,0.035067316608886095,0.04245110067982041,0.01,plug_in_pilot_not_certified
11,0.15,fixed_byzantine_share,0.88,0.8525,0.036203221396128624,0.04336727277358976,0.01,plug_in_pilot_not_certified
11,0.15,targeted_census_contamination,0.88,0.8525,0.0464666320208221,0.05613208215974675,0.01,plug_in_pilot_not_certified
11,0.2,fixed_byzantine_share,0.0,0.0,0.05135056444342819,0.05993772732195661,0.01,plug_in_pilot_not_certified
11,0.2,targeted_census_contamination,0.0,0.0,0.06455435500204354,0.07643724508703079,0.01,plug_in_pilot_not_certified
11,0.25,fixed_byzantine_share,0.0,0.0,0.0799651442746953,0.08982518057481832,0.01,plug_in_pilot_not_certified
11,0.25,targeted_census_contamination,0.0,0.0,0.09551587806889067,0.10925137615556554,0.01,plug_in_pilot_not_certified
11,0.3,fixed_byzantine_share,0.0,0.0,0.12850800269277232,0.1392605839927138,0.01,plug_in_pilot_not_certified
11,0.3,targeted_census_contamination,0.0,0.0,0.14577517454974967,0.16069660221707782,0.01,plug_in_pilot_not_certified
11,0.35,fixed_byzantine_share,0.0,0.0,0.2011906345532435,0.21225225576117043,0.01,plug_in_pilot_not_certified
11,0.35,targeted_census_contamination,0.0,0.0,0.21953875085743035,0.23475684691486365,0.01,plug_in_pilot_not_certified
11,0.4,fixed_byzantine_share,0.0,0.0,0.29802873968530647,0.30870456445878985,0.01,plug_in_pilot_not_certified
11,0.4,targeted_census_contamination,0.0,0.0,0.31678598705606037,0.33133216341729116,0.01,plug_in_pilot_not_certified
13,0.0,fixed_byzantine_share,0.94,0.925,0.01784788684617487,0.0210526691920346,0.01,plug_in_pilot_not_certified
13,0.0,targeted_census_contamination,0.94,0.925,0.01784788684617487,0.0210526691920346,0.01,plug_in_pilot_not_certified
13,0.05,fixed_byzantine_share,0.94,0.925,0.022356927193192086,0.02665310132219577,0.01,plug_in_pilot_not_certified
13,0.05,targeted_census_contamination,0.94,0.925,0.025893656873684362,0.03096088309164075,0.01,plug_in_pilot_not_certified
13,0.1,fixed_byzantine_share,0.94,0.925,0.02751143173746275,0.03308500831796858,0.01,plug_in_pilot_not_certified
13,0.1,targeted_census_contamination,0.92,0.8925000000000001,0.03482796031189553,0.042111052309501205,0.01,plug_in_pilot_not_certified
13,0.15,fixed_byzantine_share,0.88,0.8525,0.03442254883887598,0.041448854338280335,0.01,plug_in_pilot_not_certified
13,0.15,targeted_census_contamination,0.88,0.8525,0.04518900006084648,0.05487768804915128,0.01,plug_in_pilot_not_certified
13,0.2,fixed_byzantine_share,0.7,0.6758333333333334,0.04657371048911619,0.05515256626058218,0.01,plug_in_pilot_not_certified
13,0.2,targeted_census_contamination,0.7,0.6758333333333334,0.06011301086293917,0.07216408974921057,0.01,plug_in_pilot_not_certified
13,0.25,fixed_byzantine_share,0.0,0.0,0.07043059867371186,0.0804822017240266,0.01,plug_in_pilot_not_certified
13,0.25,targeted_census_contamination,0.0,0.0,0.08601612455955507,0.10008593472540894,0.01,plug_in_pilot_not_certified
13,0.3,fixed_byzantine_share,0.0,0.0,0.11411968709404498,0.12529665329482276,0.01,plug_in_pilot_not_certified
13,0.3,targeted_census_contamination,0.0,0.0,0.13116953707747075,0.1465876675141886,0.01,plug_in_pilot_not_certified
13,0.35,fixed_byzantine_share,0.0,0.0,0.1844110163585963,0.19608664377363158,0.01,plug_in_pilot_not_certified
13,0.35,targeted_census_contamination,0.0,0.0,0.20248158288800244,0.21830402085868642,0.01,plug_in_pilot_not_certified
13,0.4,fixed_byzantine_share,0.0,0.0,0.2833675398129959,0.29472680297437115,0.01,plug_in_pilot_not_certified
13,0.4,targeted_census_contamination,0.0,0.0,0.30197784910352127,0.317126656749084,0.01,plug_in_pilot_not_certified
23,0.0,fixed_byzantine_share,0.94,0.925,0.014909435432057725,0.017161089582150575,0.01,plug_in_pilot_not_certified
23,0.0,targeted_census_contamination,0.94,0.925,0.014909435432057725,0.017161089582150575,0.01,plug_in_pilot_not_certified
23,0.05,fixed_byzantine_share,0.94,0.925,0.020221049376751444,0.023650313638472368,0.01,plug_in_pilot_not_certified
23,0.05,targeted_census_contamination,0.94,0.925,0.02464945612348321,0.028994906663890572,0.01,plug_in_pilot_not_certified
23,0.1,fixed_byzantine_share,0.94,0.925,0.026217073748698166,0.03110657231204148,0.01,plug_in_pilot_not_certified
23,0.1,targeted_census_contamination,0.94,0.925,0.03540708677874386,0.04244826905813133,0.01,plug_in_pilot_not_certified
23,0.15,fixed_byzantine_share,0.94,0.925,0.03271242838819152,0.03930090196445057,0.01,plug_in_pilot_not_certified
23,0.15,targeted_census_contamination,0.92,0.8925000000000001,0.045483721985948196,0.05539676123435323,0.01,plug_in_pilot_not_certified
23,0.2,fixed_byzantine_share,0.9,0.8775000000000001,0.04016049644002118,0.04863660404609827,0.01,plug_in_pilot_not_certified
23,0.2,targeted_census_contamination,0.88,0.8525,0.05455634238443272,0.06711123207398541,0.01,plug_in_pilot_not_certified
23,0.25,fixed_byzantine_share,0.88,0.8525,0.05169809848733982,0.06216900519166071,0.01,plug_in_pilot_not_certified
23,0.25,targeted_census_contamination,0.7,0.6758333333333334,0.0663034499979315,0.08108738269345686,0.01,plug_in_pilot_not_certified
23,0.3,fixed_byzantine_share,0.0,0.0,0.07640698245510034,0.08875514049473567,0.01,plug_in_pilot_not_certified
23,0.3,targeted_census_contamination,0.0,0.0,0.09123634849508658,0.10776472607727632,0.01,plug_in_pilot_not_certified
23,0.35,fixed_byzantine_share,0.0,0.0,0.12999173717957468,0.14363380778836926,0.01,plug_in_pilot_not_certified
23,0.35,targeted_census_contamination,0.0,0.0,0.14614147930752694,0.1636606858179903,0.01,plug_in_pilot_not_certified
23,0.4,fixed_byzantine_share,0.0,0.0,0.22807083068325784,0.2418301360562597,0.01,plug_in_pilot_not_certified
23,0.4,targeted_census_contamination,0.0,0.0,0.24631968488837055,0.2635406118096558,0.01,plug_in_pilot_not_certified
25,0.0,fixed_byzantine_share,0.94,0.925,0.014461429189397381,0.01657417870540981,0.01,plug_in_pilot_not_certified
25,0.0,targeted_census_contamination,0.94,0.925,0.014461429189397381,0.01657417870540981,0.01,plug_in_pilot_not_certified
25,0.05,fixed_byzantine_share,0.94,0.925,0.019892559007966385,0.023189256471269255,0.01,plug_in_pilot_not_certified
25,0.05,targeted_census_contamination,0.94,0.925,0.024463608768653833,0.02869668234316334,0.01,plug_in_pilot_not_certified
25,0.1,fixed_byzantine_share,0.94,0.925,0.02606810443078917,0.03085614022975837,0.01,plug_in_pilot_not_certified
25,0.1,targeted_census_contamination,0.94,0.925,0.035572569152425355,0.042587652120468264,0.01,plug_in_pilot_not_certified
25,0.15,fixed_byzantine_share,0.94,0.925,0.03272568766043551,0.03925893068431366,0.01,plug_in_pilot_not_certified
25,0.15,targeted_census_contamination,0.94,0.925,0.04582117263525699,0.055793415359018446,0.01,plug_in_pilot_not_certified
25,0.2,fixed_byzantine_share,0.92,0.8925000000000001,0.04005351535437596,0.048521960704200916,0.01,plug_in_pilot_not_certified
25,0.2,targeted_census_contamination,0.9,0.8775000000000001,0.05453287379440777,0.0671680736095287,0.01,plug_in_pilot_not_certified
25,0.25,fixed_byzantine_share,0.88,0.8525,0.050547160724384047,0.061063458822852086,0.01,plug_in_pilot_not_certified
25,0.25,targeted_census_contamination,0.88,0.8525,0.06486999402819726,0.07970853893912472,0.01,plug_in_pilot_not_certified
25,0.3,fixed_byzantine_share,0.0,0.0,0.07267764125679137,0.08515616495639153,0.01,plug_in_pilot_not_certified
25,0.3,targeted_census_contamination,0.0,0.0,0.08700341169360724,0.10360626758048824,0.01,plug_in_pilot_not_certified
25,0.35,fixed_byzantine_share,0.0,0.0,0.12290000743831715,0.13679312504169433,0.01,plug_in_pilot_not_certified
25,0.35,targeted_census_contamination,0.0,0.0,0.1386683954348301,0.1563747556788464,0.01,plug_in_pilot_not_certified
25,0.4,fixed_byzantine_share,0.0,0.0,0.2195088781330774,0.23361166167292113,0.01,plug_in_pilot_not_certified
25,0.4,targeted_census_contamination,0.0,0.0,0.23776402187824033,0.2552898412647442,0.01,plug_in_pilot_not_certified
47,0.0,fixed_byzantine_share,0.94,0.925,0.011086397076014727,0.012232309274533084,0.01,plug_in_pilot_not_certified
47,0.0,targeted_census_contamination,0.94,0.925,0.011086397076014727,0.012232309274533084,0.01,plug_in_pilot_not_certified
47,0.05,fixed_byzantine_share,0.94,0.925,0.017289048813359,0.019557620671312358,0.01,plug_in_pilot_not_certified
47,0.05,targeted_census_contamination,0.94,0.925,0.02298465730758308,0.026302547684407773,0.01,plug_in_pilot_not_certified
47,0.1,fixed_byzantine_share,0.94,0.925,0.024919935877697138,0.02887870857738392,0.01,plug_in_pilot_not_certified
47,0.1,targeted_census_contamination,0.94,0.925,0.037015741803646446,0.04384151325635025,0.01,plug_in_pilot_not_certified
47,0.15,fixed_byzantine_share,0.94,0.925,0.03332569458436001,0.03946740092077434,0.01,plug_in_pilot_not_certified
47,0.15,targeted_census_contamination,0.94,0.925,0.04892659282309641,0.059535363466053697,0.01,plug_in_pilot_not_certified
47,0.2,fixed_byzantine_share,0.94,0.925,0.041583637221550084,0.05015421577212144,0.01,plug_in_pilot_not_certified
47,0.2,targeted_census_contamination,0.94,0.925,0.0562708822624018,0.06965064846125162,0.01,plug_in_pilot_not_certified
47,0.25,fixed_byzantine_share,0.92,0.8925000000000001,0.04913629034051725,0.06009973949922567,0.01,plug_in_pilot_not_certified
47,0.25,targeted_census_contamination,0.9,0.8775000000000001,0.06050255738180702,0.0755124074778108,0.01,plug_in_pilot_not_certified
47,0.3,fixed_byzantine_share,0.88,0.8525,0.05819626319737552,0.07140984349000501,0.01,plug_in_pilot_not_certified
47,0.3,targeted_census_contamination,0.88,0.8525,0.0678283775203314,0.0843485608124349,0.01,plug_in_pilot_not_certified
47,0.35,fixed_byzantine_share,0.0,0.0,0.08186887175154962,0.09713297192917798,0.01,plug_in_pilot_not_certified
47,0.35,targeted_census_contamination,0.0,0.0,0.09436768678349118,0.11290093179013384,0.01,plug_in_pilot_not_certified
47,0.4,fixed_byzantine_share,0.0,0.0,0.15513700737771985,0.17152038959464527,0.01,plug_in_pilot_not_certified
47,0.4,targeted_census_contamination,0.0,0.0,0.17417510904596867,0.19396046509598233,0.01,plug_in_pilot_not_certified
49,0.0,fixed_byzantine_share,0.94,0.925,0.010872067725732935,0.0119626692348947,0.01,plug_in_pilot_not_certified
49,0.0,targeted_census_contamination,0.94,0.925,0.010872067725732935,0.0119626692348947,0.01,plug_in_pilot_not_certified
49,0.05,fixed_byzantine_share,0.94,0.925,0.017114689859292057,0.019316206568365135,0.01,plug_in_pilot_not_certified
49,0.05,targeted_census_contamination,0.94,0.925,0.022885126438191624,0.02613976544179333,0.01,plug_in_pilot_not_certified
49,0.1,fixed_byzantine_share,0.94,0.925,0.0248414081832146,0.028741354142317408,0.01,plug_in_pilot_not_certified
49,0.1,targeted_census_contamination,0.94,0.925,0.037115143640027354,0.04392736351181968,0.01,plug_in_pilot_not_certified
49,0.15,fixed_byzantine_share,0.94,0.925,0.03337804440900852,0.03949305073144632,0.01,plug_in_pilot_not_certified
49,0.15,targeted_census_contamination,0.94,0.925,0.04913796279934617,0.05979729223454572,0.01,plug_in_pilot_not_certified
49,0.2,fixed_byzantine_share,0.94,0.925,0.041748459962039935,0.05033481310647654,0.01,plug_in_pilot_not_certified
49,0.2,targeted_census_contamination,0.94,0.925,0.05642049686014119,0.06985557144566974,0.01,plug_in_pilot_not_certified
49,0.25,fixed_byzantine_share,0.92,0.8925000000000001,0.04928976224429463,0.0602948016879771,0.01,plug_in_pilot_not_certified
49,0.25,targeted_census_contamination,0.9,0.8775000000000001,0.06042863134286649,0.07544088064398848,0.01,plug_in_pilot_not_certified
49,0.3,fixed_byzantine_share,0.88,0.8525,0.05790177911570209,0.07115521533818084,0.01,plug_in_pilot_not_certified
49,0.3,targeted_census_contamination,0.88,0.8525,0.06720069799655284,0.083685577804239,0.01,plug_in_pilot_not_certified
49,0.35,fixed_byzantine_share,0.0,0.0,0.08005166392329156,0.09536850963261902,0.01,plug_in_pilot_not_certified
49,0.35,targeted_census_contamination,0.0,0.0,0.09232791096943052,0.11087954947286215,0.01,plug_in_pilot_not_certified
49,0.4,fixed_byzantine_share,0.0,0.0,0.1511372556278936,0.1676413243417832,0.01,plug_in_pilot_not_certified
49,0.4,targeted_census_contamination,0.0,0.0,0.17026877202680774,0.1901949410909556,0.01,plug_in_pilot_not_certified
95,0.0,fixed_byzantine_share,0.96,0.9550000000000001,0.007783518520184076,0.008199769666664474,0.01,plug_in_pilot_not_certified
95,0.0,targeted_census_contamination,0.96,0.9550000000000001,0.007783518520184076,0.008199769666664474,0.01,plug_in_pilot_not_certified
95,0.05,fixed_byzantine_share,0.94,0.925,0.014489716234124655,0.015724643535505588,0.01,plug_in_pilot_not_certified
95,0.05,targeted_census_contamination,0.94,0.925,0.021404206300042604,0.023668537719365508,0.01,plug_in_pilot_not_certified
95,0.1,fixed_byzantine_share,0.94,0.925,0.02361650983209697,0.026547405994384918,0.01,plug_in_pilot_not_certified
95,0.1,targeted_census_contamination,0.94,0.925,0.038595793745269974,0.04515802204230805,0.01,plug_in_pilot_not_certified
95,0.15,fixed_byzantine_share,0.94,0.925,0.03422940432190247,0.03986929722824161,0.01,plug_in_pilot_not_certified
95,0.15,targeted_census_contamination,0.94,0.925,0.05221651649754155,0.06374102886255092,0.01,plug_in_pilot_not_certified
95,0.2,fixed_byzantine_share,0.94,0.925,0.04450911724331618,0.053425396982576735,0.01,plug_in_pilot_not_certified
95,0.2,targeted_census_contamination,0.94,0.925,0.0584658773375574,0.07273364041145595,0.01,plug_in_pilot_not_certified
95,0.25,fixed_byzantine_share,0.94,0.925,0.05248656380360214,0.06434938104494357,0.01,plug_in_pilot_not_certified
95,0.25,targeted_census_contamination,0.94,0.925,0.0600272150375244,0.07503678436085945,0.01,plug_in_pilot_not_certified
95,0.3,fixed_byzantine_share,0.92,0.8925000000000001,0.057596231582368235,0.07150484323645344,0.01,plug_in_pilot_not_certified
95,0.3,targeted_census_contamination,0.9,0.8775000000000001,0.06206643786018116,0.07785256025792794,0.01,plug_in_pilot_not_certified
95,0.35,fixed_byzantine_share,0.88,0.8525,0.06402520182452243,0.07961136108428057,0.01,plug_in_pilot_not_certified
95,0.35,targeted_census_contamination,0.88,0.8525,0.07304022129877581,0.09142452095511602,0.01,plug_in_pilot_not_certified
95,0.4,fixed_byzantine_share,0.0,0.0,0.09863710839708185,0.11635008887708227,0.01,plug_in_pilot_not_certified
95,0.4,targeted_census_contamination,0.0,0.0,0.11955184874936219,0.14139053649841984,0.01,plug_in_pilot_not_certified
97,0.0,fixed_byzantine_share,0.96,0.9550000000000001,0.007697471367018332,0.008098922260134445,0.01,plug_in_pilot_not_certified
97,0.0,targeted_census_contamination,0.96,0.9550000000000001,0.007697471367018332,0.008098922260134445,0.01,plug_in_pilot_not_certified
97,0.05,fixed_byzantine_share,0.94,0.925,0.01441468063265668,0.015623509511931585,0.01,plug_in_pilot_not_certified
97,0.05,targeted_census_contamination,0.94,0.925,0.02136333960466872,0.023598234351616645,0.01,plug_in_pilot_not_certified
97,0.1,fixed_byzantine_share,0.94,0.925,0.02358065753265524,0.02648101532848845,0.01,plug_in_pilot_not_certified
97,0.1,targeted_census_contamination,0.94,0.925,0.038636660426588844,0.0451898853903687,0.01,plug_in_pilot_not_certified
97,0.15,fixed_byzantine_share,0.94,0.925,0.03425514800482134,0.039878464825642876,0.01,plug_in_pilot_not_certified
97,0.15,targeted_census_contamination,0.94,0.925,0.05230255621411811,0.06385528761742758,0.01,plug_in_pilot_not_certified
97,0.2,fixed_byzantine_share,0.94,0.925,0.04459419965037368,0.05352237089131812,0.01,plug_in_pilot_not_certified
97,0.2,targeted_census_contamination,0.94,0.925,0.05851582868560636,0.07280599864739058,0.01,plug_in_pilot_not_certified
97,0.25,fixed_byzantine_share,0.94,0.925,0.05258955265225579,0.06448353337698752,0.01,plug_in_pilot_not_certified
97,0.25,targeted_census_contamination,0.94,0.925,0.06002450961015268,0.07503359345309105,0.01,plug_in_pilot_not_certified
97,0.3,fixed_byzantine_share,0.92,0.8925000000000001,0.05764418200563091,0.07157457450905119,0.01,plug_in_pilot_not_certified
97,0.3,targeted_census_contamination,0.9,0.8775000000000001,0.06198658705709989,0.07775105000120697,0.01,plug_in_pilot_not_certified
97,0.35,fixed_byzantine_share,0.88,0.8525,0.06381464912225773,0.07939586687213541,0.01,plug_in_pilot_not_certified
97,0.35,targeted_census_contamination,0.88,0.8525,0.07273848117979767,0.0911073055656623,0.01,plug_in_pilot_not_certified
97,0.4,fixed_byzantine_share,0.0,0.0,0.09740953455632641,0.11513786285767248,0.01,plug_in_pilot_not_certified
97,0.4,targeted_census_contamination,0.0,0.0,0.11838275667217875,0.14026942417767163,0.01,plug_in_pilot_not_certified
191,0.0,fixed_byzantine_share,0.96,0.9550000000000001,0.0052599060740735615,0.005354188846371025,0.01,plug_in_pilot_not_certified
191,0.0,targeted_census_contamination,0.96,0.9550000000000001,0.0052599060740735615,0.005354188846371025,0.01,plug_in_pilot_not_certified
191,0.05,fixed_byzantine_share,0.96,0.9550000000000001,0.012360054421424106,0.012903187352446993,0.01,plug_in_pilot_not_certified
191,0.05,targeted_census_contamination,0.94,0.925,0.020368355385166147,0.021774323786973117,0.01,plug_in_pilot_not_certified
191,0.1,fixed_byzantine_share,0.94,0.925,0.022642456144546085,0.024624824530401802,0.01,plug_in_pilot_not_certified
191,0.1,targeted_census_contamination,0.94,0.925,0.03963164461483386,0.04585343532405775,0.01,plug_in_pilot_not_certified
191,0.15,fixed_byzantine_share,0.94,0.925,0.034954238460638755,0.03999865185907417,0.01,plug_in_pilot_not_certified
191,0.15,targeted_census_contamination,0.94,0.925,0.05474009392638916,0.06720442366193805,0.01,plug_in_pilot_not_certified
191,0.2,fixed_byzantine_share,0.94,0.925,0.0470665833005877,0.056397844316181764,0.01,plug_in_pilot_not_certified
191,0.2,targeted_census_contamination,0.94,0.925,0.05962725683869223,0.07444198570007887,0.01,plug_in_pilot_not_certified
191,0.25,fixed_byzantine_share,0.94,0.925,0.055545540038013215,0.06847271369976016,0.01,plug_in_pilot_not_certified
191,0.25,targeted_census_contamination,0.94,0.925,0.060000213950909764,0.07500070894553867,0.01,plug_in_pilot_not_certified
191,0.3,fixed_byzantine_share,0.94,0.925,0.05912812351833129,0.07370926271651013,0.01,plug_in_pilot_not_certified
191,0.3,targeted_census_contamination,0.92,0.8925000000000001,0.06042453362468828,0.07564291321786537,0.01,plug_in_pilot_not_certified
191,0.35,fixed_byzantine_share,0.92,0.8925000000000001,0.06071300612957778,0.07598370563146153,0.01,plug_in_pilot_not_certified
191,0.35,targeted_census_contamination,0.88,0.8525,0.06695594646986684,0.08468815990357134,0.01,plug_in_pilot_not_certified
191,0.4,fixed_byzantine_share,0.88,0.8525,0.07223836480809624,0.08984668684326949,0.01,plug_in_pilot_not_certified
191,0.4,targeted_census_contamination,0.7,0.6758333333333334,0.09512618567209757,0.11816958486673111,0.01,plug_in_pilot_not_certified
193,0.0,fixed_byzantine_share,0.96,0.9550000000000001,0.005227295717148143,0.005319005563058772,0.01,plug_in_pilot_not_certified
193,0.0,targeted_census_contamination,0.96,0.9550000000000001,0.005227295717148143,0.005319005563058772,0.01,plug_in_pilot_not_certified
193,0.05,fixed_byzantine_share,0.96,0.9550000000000001,0.012334705944999823,0.012870274518366129,0.01,plug_in_pilot_not_certified
193,0.05,targeted_census_contamination,0.94,0.925,0.020358649732088965,0.02175411238795406,0.01,plug_in_pilot_not_certified
193,0.1,fixed_byzantine_share,0.94,0.925,0.022632359249286728,0.024602328974612158,0.01,plug_in_pilot_not_certified
193,0.1,targeted_census_contamination,0.94,0.925,0.03964135026791104,0.04585748805773164,0.01,plug_in_pilot_not_certified
193,0.15,fixed_byzantine_share,0.94,0.925,0.03496213361123023,0.039997286054424326,0.01,plug_in_pilot_not_certified
193,0.15,targeted_census_contamination,0.94,0.925,0.054772704283218995,0.06725076627078426,0.01,plug_in_pilot_not_certified
193,0.2,fixed_byzantine_share,0.94,0.925,0.04709905353760227,0.05643652417818873,0.01,plug_in_pilot_not_certified
193,0.2,targeted_census_contamination,0.94,0.925,0.05963725550553276,0.07445691000496527,0.01,plug_in_pilot_not_certified
193,0.25,fixed_byzantine_share,0.94,0.925,0.055584316073495676,0.06852698988314496,0.01,plug_in_pilot_not_certified
193,0.25,targeted_census_contamination,0.94,0.925,0.06000019377488929,0.07500065718506704,0.01,plug_in_pilot_not_certified
193,0.3,fixed_byzantine_share,0.94,0.925,0.05914573470686383,0.07373496412513171,0.01,plug_in_pilot_not_certified
193,0.3,targeted_census_contamination,0.92,0.8925000000000001,0.060412244270198145,0.07562505619315334,0.01,plug_in_pilot_not_certified
193,0.35,fixed_byzantine_share,0.92,0.8925000000000001,0.06069432727053874,0.07595990477731841,0.01,plug_in_pilot_not_certified
193,0.35,targeted_census_contamination,0.88,0.8525,0.06689837272887654,0.0846195789271324,0.01,plug_in_pilot_not_certified
193,0.4,fixed_byzantine_share,0.88,0.8525,0.07203890866355381,0.08963827875382638,0.01,plug_in_pilot_not_certified
193,0.4,targeted_census_contamination,0.7,0.6758333333333334,0.09495887707951921,0.1180151337070225,0.01,plug_in_pilot_not_certified
383,0.0,fixed_byzantine_share,0.98,0.9800000000000001,0.0033033449214206366,0.0033111850486326425,0.01,plug_in_pilot_not_certified
383,0.0,targeted_census_contamination,0.98,0.9800000000000001,0.0033033449214206366,0.0033111850486326425,0.01,plug_in_pilot_not_certified
383,0.05,fixed_byzantine_share,0.96,0.9550000000000001,0.011087310488397562,0.011262049046918732,0.01,plug_in_pilot_not_certified
383,0.05,targeted_census_contamination,0.96,0.9550000000000001,0.020031347459945854,0.02086501892417471,0.01,plug_in_pilot_not_certified
383,0.1,fixed_byzantine_share,0.96,0.9550000000000001,0.0222585858932995,0.02356091229532727,0.01,plug_in_pilot_not_certified
383,0.1,targeted_census_contamination,0.94,0.925,0.03996865254005415,0.04578665027431007,0.01,plug_in_pilot_not_certified
383,0.15,fixed_byzantine_share,0.94,0.925,0.03526327912181581,0.03971726338343645,0.01,plug_in_pilot_not_certified
383,0.15,targeted_census_contamination,0.94,0.925,0.056696655078579364,0.07005282274508105,0.01,plug_in_pilot_not_certified
383,0.2,fixed_byzantine_share,0.94,0.925,0.048817790095112085,0.058526268720834745,0.01,plug_in_pilot_not_certified
383,0.2,targeted_census_contamination,0.94,0.925,0.05996864601560307,0.07495297065452643,0.01,plug_in_pilot_not_certified
383,0.25,fixed_byzantine_share,0.94,0.925,0.057726349389596185,0.07160669999421335,0.01,plug_in_pilot_not_certified
383,0.25,targeted_census_contamination,0.94,0.925,0.06000000001809679,0.07500000082912897,0.01,plug_in_pilot_not_certified
383,0.3,fixed_byzantine_share,0.94,0.925,0.05985903640285434,0.0747888520329448,0.01,plug_in_pilot_not_certified
383,0.3,targeted_census_contamination,0.94,0.925,0.06003211397037887,0.07505151776748166,0.01,plug_in_pilot_not_certified
383,0.35,fixed_byzantine_share,0.94,0.925,0.06007467199269808,0.0751143918524883,0.01,plug_in_pilot_not_certified
383,0.35,targeted_census_contamination,0.9,0.8775000000000001,0.0637995806896833,0.08072836504621755,0.01,plug_in_pilot_not_certified
383,0.4,fixed_byzantine_share,0.88,0.8525,0.06484364369847473,0.08167166011504588,0.01,plug_in_pilot_not_certified
383,0.4,targeted_census_contamination,0.88,0.8525,0.09030872664481848,0.11407558715052231,0.01,plug_in_pilot_not_certified
385,0.0,fixed_byzantine_share,0.98,0.9800000000000001,0.0032899901139792865,0.0032976368588394185,0.01,plug_in_pilot_not_certified
385,0.0,targeted_census_contamination,0.98,0.9800000000000001,0.0032899901139792865,0.0032976368588394185,0.01,plug_in_pilot_not_certified
385,0.05,fixed_byzantine_share,0.96,0.9550000000000001,0.011081017976954514,0.011253909620109663,0.01,plug_in_pilot_not_certified
385,0.05,targeted_census_contamination,0.96,0.9550000000000001,0.02003057477571362,0.020860714472670988,0.01,plug_in_pilot_not_certified
385,0.1,fixed_byzantine_share,0.96,0.9550000000000001,0.022257367027868753,0.023555643120747677,0.01,plug_in_pilot_not_certified
385,0.1,targeted_census_contamination,0.94,0.925,0.03996942522428638,0.04578427753338693,0.01,plug_in_pilot_not_certified
385,0.15,fixed_byzantine_share,0.94,0.925,0.035264286323301766,0.03971434968672772,0.01,plug_in_pilot_not_certified
385,0.15,targeted_census_contamination,0.94,0.925,0.056710009886020714,0.0700726615738912,0.01,plug_in_pilot_not_certified
385,0.2,fixed_byzantine_share,0.94,0.925,0.04882772665774638,0.058538577452355245,0.01,plug_in_pilot_not_certified
385,0.2,targeted_census_contamination,0.94,0.925,0.05996941912242293,0.07495413020910818,0.01,plug_in_pilot_not_certified
385,0.25,fixed_byzantine_share,0.94,0.925,0.05773978975956151,0.07162649626229516,0.01,plug_in_pilot_not_certified
385,0.25,targeted_census_contamination,0.94,0.925,0.06000000001642739,0.07500000077505348,0.01,plug_in_pilot_not_certified
385,0.3,fixed_byzantine_share,0.94,0.925,0.05986155156864121,0.07479261270725471,0.01,plug_in_pilot_not_certified
385,0.3,targeted_census_contamination,0.94,0.925,0.060031308756639375,0.07505023754717763,0.01,plug_in_pilot_not_certified
385,0.35,fixed_byzantine_share,0.94,0.925,0.06007304318068192,0.07511196251631178,0.01,plug_in_pilot_not_certified
385,0.35,targeted_census_contamination,0.9,0.8775000000000001,0.06378031432636529,0.08070251905058816,0.01,plug_in_pilot_not_certified
385,0.4,fixed_byzantine_share,0.88,0.8525,0.06481389421546552,0.08163541886364559,0.01,plug_in_pilot_not_certified
385,0.4,targeted_census_contamination,0.88,0.8525,0.09030064874504809,0.11407239496503407,0.01,plug_in_pilot_not_certified
767,0.0,fixed_byzantine_share,0.98,0.9800000000000001,0.0016575884681554358,0.0016576615906994932,0.01,plug_in_pilot_not_certified
767,0.0,targeted_census_contamination,0.98,0.9800000000000001,0.0016575884681554358,0.0016576615906994932,0.01,plug_in_pilot_not_certified
767,0.05,fixed_byzantine_share,0.98,0.9800000000000001,0.010654426815734181,0.010679991393426059,0.01,plug_in_pilot_not_certified
767,0.05,targeted_census_contamination,0.96,0.9550000000000001,0.02000029249013723,0.020414762729705528,0.01,plug_in_pilot_not_certified
767,0.1,fixed_byzantine_share,0.96,0.9550000000000001,0.022052959083964964,0.022885701513705344,0.01,plug_in_pilot_not_certified
767,0.1,targeted_census_contamination,0.94,0.925,0.03999970750986277,0.045414031504362455,0.01,plug_in_pilot_not_certified
767,0.15,fixed_byzantine_share,0.94,0.925,0.03547232062240198,0.03955510665721218,0.01,plug_in_pilot_not_certified
767,0.15,targeted_census_contamination,0.94,0.925,0.05834241153184456,0.0725136904203109,0.01,plug_in_pilot_not_certified
767,0.2,fixed_byzantine_share,0.94,0.925,0.0497356373907353,0.05966956709689576,0.01,plug_in_pilot_not_certified
767,0.2,targeted_census_contamination,0.94,0.925,0.05999970750984327,0.07499956126476978,0.01,plug_in_pilot_not_certified
767,0.25,fixed_byzantine_share,0.94,0.925,0.05916807159289426,0.07375243107668357,0.01,plug_in_pilot_not_certified
767,0.25,targeted_census_contamination,0.94,0.925,0.06,0.07500000000000244,0.01,plug_in_pilot_not_certified
767,0.3,fixed_byzantine_share,0.94,0.925,0.059994921716157584,0.07499238269722242,0.01,plug_in_pilot_not_certified
767,0.3,targeted_census_contamination,0.94,0.925,0.06000029270773915,0.07500047545968419,0.01,plug_in_pilot_not_certified
767,0.35,fixed_byzantine_share,0.94,0.925,0.060001314175402956,0.07500211736592557,0.01,plug_in_pilot_not_certified
767,0.35,targeted_census_contamination,0.92,0.8925000000000001,0.06171239364238337,0.07773457545764566,0.01,plug_in_pilot_not_certified
767,0.4,fixed_byzantine_share,0.9,0.8775000000000001,0.06194415214002863,0.07791948282855467,0.01,plug_in_pilot_not_certified
767,0.4,targeted_census_contamination,0.88,0.8525,0.09000264002661992,0.11438110502360212,0.01,plug_in_pilot_not_certified
769,0.0,fixed_byzantine_share,0.98,0.9800000000000001,0.0016520779934952846,0.00165214938627208,0.01,plug_in_pilot_not_certified
769,0.0,targeted_census_contamination,0.98,0.9800000000000001,0.0016520779934952846,0.00165214938627208,0.01,plug_in_pilot_not_certified
769,0.05,fixed_byzantine_share,0.98,0.9800000000000001,0.010654162372758638,0.010679481370108353,0.01,plug_in_pilot_not_certified
769,0.05,targeted_census_contamination,0.96,0.9550000000000001,0.020000285571070666,0.020413376462207592,0.01,plug_in_pilot_not_certified
769,0.1,fixed_byzantine_share,0.96,0.9550000000000001,0.022051528156316426,0.02288265513185224,0.01,plug_in_pilot_not_certified
769,0.1,targeted_census_contamination,0.94,0.925,0.039999714428929335,0.04541266253453093,0.01,plug_in_pilot_not_certified
769,0.15,fixed_byzantine_share,0.94,0.925,0.03547400664140423,0.03955612454361922,0.01,plug_in_pilot_not_certified
769,0.15,targeted_census_contamination,0.94,0.925,0.058347922006504724,0.07252195440253387,0.01,plug_in_pilot_not_certified
769,0.2,fixed_byzantine_share,0.94,0.925,0.04973759596219182,0.05967201476634781,0.01,plug_in_pilot_not_certified
769,0.2,targeted_census_contamination,0.94,0.925,0.05999971442891108,0.07499957164337119,0.01,plug_in_pilot_not_certified
769,0.25,fixed_byzantine_share,0.94,0.925,0.059172099584557374,0.07375846657430006,0.01,plug_in_pilot_not_certified
769,0.25,targeted_census_contamination,0.94,0.925,0.06,0.07500000000000229,0.01,plug_in_pilot_not_certified
769,0.3,fixed_byzantine_share,0.94,0.925,0.059995006788139627,0.07499251030036978,0.01,plug_in_pilot_not_certified
769,0.3,targeted_census_contamination,0.94,0.925,0.06000028577971148,0.07500046420947958,0.01,plug_in_pilot_not_certified
769,0.35,fixed_byzantine_share,0.94,0.925,0.06000128764085863,0.07500207479303553,0.01,plug_in_pilot_not_certified
769,0.35,targeted_census_contamination,0.92,0.8925000000000001,0.06170627638555127,0.07772516844434238,0.01,plug_in_pilot_not_certified
769,0.4,fixed_byzantine_share,0.9,0.8775000000000001,0.061936390891346456,0.07790869724061676,0.01,plug_in_pilot_not_certified
769,0.4,targeted_census_contamination,0.88,0.8525,0.09000257744142552,0.1143831074357591,0.01,plug_in_pilot_not_certified
1535,0.0,fixed_byzantine_share,0.98,0.9800000000000001,0.0004993748069909746,0.0004993748154768243,0.01,plug_in_pilot_not_certified
1535,0.0,targeted_census_contamination,0.98,0.9800000000000001,0.0004993748069909746,0.0004993748154768243,0.01,plug_in_pilot_not_certified
1535,0.05,fixed_byzantine_share,0.98,0.9800000000000001,0.010783197077538357,0.010783898949288235,0.01,plug_in_pilot_not_certified
1535,0.05,targeted_census_contamination,0.96,0.9550000000000001,0.020000000033943404,0.020124843744177,0.01,plug_in_pilot_not_certified
1535,0.1,fixed_byzantine_share,0.96,0.9550000000000001,0.021390732236528005,0.02181596422368124,0.01,plug_in_pilot_not_certified
1535,0.1,targeted_census_contamination,0.94,0.925,0.039999999966056604,0.0451248436593185,0.01,plug_in_pilot_not_certified
1535,0.15,fixed_byzantine_share,0.96,0.9550000000000001,0.03636309366069166,0.0404894936284191,0.01,plug_in_pilot_not_certified
1535,0.15,targeted_census_contamination,0.94,0.925,0.05950062519300903,0.07425093779799939,0.01,plug_in_pilot_not_certified
1535,0.2,fixed_byzantine_share,0.94,0.925,0.0499830977194816,0.05997887215004794,0.01,plug_in_pilot_not_certified
1535,0.2,targeted_census_contamination,0.94,0.925,0.0599999999660566,0.0749999999490849,0.01,plug_in_pilot_not_certified
1535,0.25,fixed_byzantine_share,0.94,0.925,0.059857732448697264,0.07478659882735661,0.01,plug_in_pilot_not_certified
1535,0.25,targeted_census_contamination,0.94,0.925,0.06,0.07500000000000001,0.01,plug_in_pilot_not_certified
1535,0.3,fixed_byzantine_share,0.94,0.925,0.059999991233477934,0.07499998685021694,0.01,plug_in_pilot_not_certified
1535,0.3,targeted_census_contamination,0.94,0.925,0.06000000003394343,0.07500000005515804,0.01,plug_in_pilot_not_certified
1535,0.35,fixed_byzantine_share,0.94,0.925,0.06000000061743572,0.07500000100316337,0.01,plug_in_pilot_not_certified
1535,0.35,targeted_census_contamination,0.92,0.8925000000000001,0.06050022994989023,0.07581212540580601,0.01,plug_in_pilot_not_certified
1535,0.4,fixed_byzantine_share,0.92,0.8925000000000001,0.06051643060744672,0.07582435265986473,0.01,plug_in_pilot_not_certified
1535,0.4,targeted_census_contamination,0.88,0.8525,0.09000000030549142,0.11481273475994135,0.01,plug_in_pilot_not_certified
1537,0.0,fixed_byzantine_share,0.98,0.9800000000000001,0.0004978862874224644,0.0004978862957122575,0.01,plug_in_pilot_not_certified
1537,0.0,targeted_census_contamination,0.98,0.9800000000000001,0.0004978862874224644,0.0004978862957122575,0.01,plug_in_pilot_not_certified
1537,0.05,fixed_byzantine_share,0.98,0.9800000000000001,0.010783677891728884,0.01078437335668931,0.01,plug_in_pilot_not_certified
1537,0.05,targeted_census_contamination,0.96,0.9550000000000001,0.020000000033159177,0.020124471613304593,0.01,plug_in_pilot_not_certified
1537,0.1,fixed_byzantine_share,0.96,0.9550000000000001,0.021389045810081893,0.021813582946451828,0.01,plug_in_pilot_not_certified
1537,0.1,targeted_census_contamination,0.94,0.925,0.039999999966840824,0.04512447153040665,0.01,plug_in_pilot_not_certified
1537,0.15,fixed_byzantine_share,0.96,0.9550000000000001,0.036365571159759025,0.04049243235626097,0.01,plug_in_pilot_not_certified
1537,0.15,targeted_census_contamination,0.94,0.925,0.05950211371257754,0.0742531705771561,0.01,plug_in_pilot_not_certified
1537,0.2,fixed_byzantine_share,0.94,0.925,0.04998321527949843,0.059979019100050726,0.01,plug_in_pilot_not_certified
1537,0.2,targeted_census_contamination,0.94,0.925,0.05999999996684083,0.07499999995026124,0.01,plug_in_pilot_not_certified
1537,0.25,fixed_byzantine_share,0.94,0.925,0.05985836213943212,0.07478754336044874,0.01,plug_in_pilot_not_certified
1537,0.25,targeted_census_contamination,0.94,0.925,0.06,0.07500000000000001,0.01,plug_in_pilot_not_certified
1537,0.3,fixed_byzantine_share,0.94,0.925,0.05999999137567995,0.07499998706351996,0.01,plug_in_pilot_not_certified
1537,0.3,targeted_census_contamination,0.94,0.925,0.0600000000331592,0.07500000005388367,0.01,plug_in_pilot_not_certified
1537,0.35,fixed_byzantine_share,0.94,0.925,0.060000000605389445,0.0750000009835932,0.01,plug_in_pilot_not_certified
1537,0.35,targeted_census_contamination,0.92,0.8925000000000001,0.060498732383350295,0.0758096997765727,0.01,plug_in_pilot_not_certified
1537,0.4,fixed_byzantine_share,0.92,0.8925000000000001,0.060514822580441316,0.07582184321154964,0.01,plug_in_pilot_not_certified
1537,0.4,targeted_census_contamination,0.88,0.8525,0.09000000029843334,0.11481329294755808,0.01,plug_in_pilot_not_certified
